<?xml version="1.0" encoding="utf-8" standalone="yes"?>
<Gesture Name="half_note~01" Subject="10" InputType="stylus" Speed="MEDIUM" NumPts="76">
	<Stroke index="1">
		<Point X="115" Y="8" T="1302126537136" Pressure="128" />
		<Point X="116" Y="-3" T="1302126537136" Pressure="128" />
		<Point X="116" Y="4" T="1302126537136" Pressure="128" />
		<Point X="116" Y="14" T="1302126537136" Pressure="128" />
		<Point X="116" Y="19" T="1302126537152" Pressure="128" />
		<Point X="116" Y="25" T="1302126537152" Pressure="128" />
		<Point X="116" Y="31" T="1302126537152" Pressure="128" />
		<Point X="116" Y="37" T="1302126537168" Pressure="128" />
		<Point X="116" Y="43" T="1302126537168" Pressure="128" />
		<Point X="115" Y="49" T="1302126537183" Pressure="128" />
		<Point X="115" Y="54" T="1302126537199" Pressure="128" />
		<Point X="115" Y="59" T="1302126537199" Pressure="128" />
		<Point X="114" Y="63" T="1302126537199" Pressure="128" />
		<Point X="114" Y="67" T="1302126537214" Pressure="128" />
		<Point X="114" Y="71" T="1302126537214" Pressure="128" />
		<Point X="113" Y="75" T="1302126537230" Pressure="128" />
		<Point X="113" Y="78" T="1302126537246" Pressure="128" />
		<Point X="113" Y="81" T="1302126537246" Pressure="128" />
		<Point X="112" Y="83" T="1302126537246" Pressure="128" />
		<Point X="112" Y="85" T="1302126537261" Pressure="128" />
		<Point X="112" Y="86" T="1302126537261" Pressure="128" />
		<Point X="111" Y="87" T="1302126537277" Pressure="128" />
		<Point X="111" Y="88" T="1302126537277" Pressure="128" />
		<Point X="110" Y="89" T="1302126537292" Pressure="128" />
		<Point X="109" Y="89" T="1302126537308" Pressure="128" />
		<Point X="108" Y="89" T="1302126537308" Pressure="128" />
		<Point X="108" Y="89" T="1302126537324" Pressure="128" />
	</Stroke>
	<Stroke index="2">
		<Point X="101" Y="98" T="1302126537589" Pressure="128" />
		<Point X="88" Y="97" T="1302126537589" Pressure="128" />
		<Point X="82" Y="98" T="1302126537589" Pressure="128" />
		<Point X="76" Y="99" T="1302126537604" Pressure="128" />
		<Point X="73" Y="101" T="1302126537604" Pressure="128" />
		<Point X="71" Y="102" T="1302126537620" Pressure="128" />
		<Point X="68" Y="104" T="1302126537620" Pressure="128" />
		<Point X="67" Y="106" T="1302126537636" Pressure="128" />
		<Point X="65" Y="109" T="1302126537636" Pressure="128" />
		<Point X="64" Y="111" T="1302126537651" Pressure="128" />
		<Point X="64" Y="115" T="1302126537667" Pressure="128" />
		<Point X="64" Y="118" T="1302126537667" Pressure="128" />
		<Point X="64" Y="121" T="1302126537667" Pressure="128" />
		<Point X="65" Y="124" T="1302126537682" Pressure="128" />
		<Point X="66" Y="127" T="1302126537682" Pressure="128" />
		<Point X="67" Y="130" T="1302126537698" Pressure="128" />
		<Point X="69" Y="132" T="1302126537698" Pressure="128" />
		<Point X="71" Y="134" T="1302126537714" Pressure="128" />
		<Point X="73" Y="135" T="1302126537714" Pressure="128" />
		<Point X="76" Y="137" T="1302126537729" Pressure="128" />
		<Point X="79" Y="137" T="1302126537729" Pressure="128" />
		<Point X="82" Y="138" T="1302126537745" Pressure="128" />
		<Point X="85" Y="138" T="1302126537745" Pressure="128" />
		<Point X="88" Y="137" T="1302126537745" Pressure="128" />
		<Point X="92" Y="136" T="1302126537760" Pressure="128" />
		<Point X="95" Y="135" T="1302126537776" Pressure="128" />
		<Point X="99" Y="133" T="1302126537776" Pressure="128" />
		<Point X="102" Y="130" T="1302126537776" Pressure="128" />
		<Point X="105" Y="128" T="1302126537792" Pressure="128" />
		<Point X="109" Y="125" T="1302126537792" Pressure="128" />
		<Point X="112" Y="122" T="1302126537807" Pressure="128" />
		<Point X="114" Y="118" T="1302126537823" Pressure="128" />
		<Point X="117" Y="114" T="1302126537823" Pressure="128" />
		<Point X="118" Y="110" T="1302126537823" Pressure="128" />
		<Point X="120" Y="107" T="1302126537838" Pressure="128" />
		<Point X="120" Y="103" T="1302126537838" Pressure="128" />
		<Point X="120" Y="99" T="1302126537854" Pressure="128" />
		<Point X="120" Y="96" T="1302126537854" Pressure="128" />
		<Point X="119" Y="94" T="1302126537870" Pressure="128" />
		<Point X="117" Y="92" T="1302126537870" Pressure="128" />
		<Point X="115" Y="91" T="1302126537885" Pressure="128" />
		<Point X="113" Y="90" T="1302126537901" Pressure="128" />
		<Point X="111" Y="89" T="1302126537901" Pressure="128" />
		<Point X="110" Y="89" T="1302126537901" Pressure="128" />
		<Point X="108" Y="90" T="1302126537916" Pressure="128" />
		<Point X="106" Y="90" T="1302126537916" Pressure="128" />
		<Point X="105" Y="91" T="1302126537932" Pressure="128" />
		<Point X="104" Y="91" T="1302126537932" Pressure="128" />
		<Point X="104" Y="91" T="1302126537948" Pressure="128" />
	</Stroke>
</Gesture>
