<?xml version="1.0" encoding="utf-8" standalone="yes"?>
<Gesture Name="exclamation_point~01" Subject="10" InputType="stylus" Speed="MEDIUM" NumPts="29">
	<Stroke index="1">
		<Point X="95" Y="11" T="1302126487653" Pressure="128" />
		<Point X="90" Y="9" T="1302126487653" Pressure="128" />
		<Point X="87" Y="28" T="1302126487653" Pressure="128" />
		<Point X="86" Y="37" T="1302126487653" Pressure="128" />
		<Point X="85" Y="42" T="1302126487669" Pressure="128" />
		<Point X="84" Y="47" T="1302126487669" Pressure="128" />
		<Point X="84" Y="52" T="1302126487684" Pressure="128" />
		<Point X="83" Y="57" T="1302126487684" Pressure="128" />
		<Point X="83" Y="62" T="1302126487684" Pressure="128" />
		<Point X="82" Y="67" T="1302126487700" Pressure="128" />
		<Point X="82" Y="72" T="1302126487715" Pressure="128" />
		<Point X="81" Y="77" T="1302126487715" Pressure="128" />
		<Point X="81" Y="82" T="1302126487715" Pressure="128" />
		<Point X="81" Y="86" T="1302126487731" Pressure="128" />
		<Point X="80" Y="90" T="1302126487731" Pressure="128" />
		<Point X="80" Y="94" T="1302126487747" Pressure="128" />
		<Point X="79" Y="98" T="1302126487762" Pressure="128" />
		<Point X="78" Y="101" T="1302126487762" Pressure="128" />
		<Point X="77" Y="105" T="1302126487762" Pressure="128" />
		<Point X="77" Y="107" T="1302126487778" Pressure="128" />
		<Point X="76" Y="110" T="1302126487778" Pressure="128" />
		<Point X="75" Y="112" T="1302126487793" Pressure="128" />
		<Point X="74" Y="114" T="1302126487793" Pressure="128" />
		<Point X="74" Y="116" T="1302126487809" Pressure="128" />
		<Point X="73" Y="118" T="1302126487809" Pressure="128" />
		<Point X="73" Y="118" T="1302126487825" Pressure="128" />
	</Stroke>
	<Stroke index="2">
		<Point X="66" Y="141" T="1302126488043" Pressure="128" />
		<Point X="65" Y="142" T="1302126488043" Pressure="128" />
		<Point X="65" Y="142" T="1302126488043" Pressure="128" />
	</Stroke>
</Gesture>
