<?xml version="1.0" encoding="utf-8" standalone="yes"?>
<Gesture Name="six_point_star~01" Subject="10" InputType="stylus" Speed="MEDIUM" NumPts="197">
	<Stroke index="1">
		<Point X="111" Y="29" T="1302126513268" Pressure="128" />
		<Point X="115" Y="21" T="1302126513268" Pressure="128" />
		<Point X="112" Y="22" T="1302126513268" Pressure="128" />
		<Point X="107" Y="28" T="1302126513268" Pressure="128" />
		<Point X="105" Y="32" T="1302126513268" Pressure="128" />
		<Point X="102" Y="36" T="1302126513284" Pressure="128" />
		<Point X="100" Y="40" T="1302126513299" Pressure="128" />
		<Point X="97" Y="45" T="1302126513299" Pressure="128" />
		<Point X="94" Y="50" T="1302126513315" Pressure="128" />
		<Point X="90" Y="54" T="1302126513315" Pressure="128" />
		<Point X="87" Y="59" T="1302126513315" Pressure="128" />
		<Point X="83" Y="64" T="1302126513331" Pressure="128" />
		<Point X="79" Y="69" T="1302126513331" Pressure="128" />
		<Point X="75" Y="74" T="1302126513346" Pressure="128" />
		<Point X="72" Y="79" T="1302126513346" Pressure="128" />
		<Point X="68" Y="84" T="1302126513362" Pressure="128" />
		<Point X="64" Y="89" T="1302126513362" Pressure="128" />
		<Point X="61" Y="93" T="1302126513377" Pressure="128" />
		<Point X="58" Y="97" T="1302126513393" Pressure="128" />
		<Point X="55" Y="101" T="1302126513393" Pressure="128" />
		<Point X="52" Y="104" T="1302126513393" Pressure="128" />
		<Point X="49" Y="108" T="1302126513409" Pressure="128" />
		<Point X="47" Y="111" T="1302126513409" Pressure="128" />
		<Point X="44" Y="113" T="1302126513424" Pressure="128" />
		<Point X="42" Y="116" T="1302126513424" Pressure="128" />
		<Point X="41" Y="118" T="1302126513440" Pressure="128" />
		<Point X="40" Y="120" T="1302126513440" Pressure="128" />
		<Point X="39" Y="121" T="1302126513455" Pressure="128" />
		<Point X="38" Y="123" T="1302126513455" Pressure="128" />
		<Point X="38" Y="124" T="1302126513455" Pressure="128" />
		<Point X="39" Y="125" T="1302126513471" Pressure="128" />
		<Point X="41" Y="126" T="1302126513487" Pressure="128" />
		<Point X="43" Y="126" T="1302126513502" Pressure="128" />
		<Point X="45" Y="126" T="1302126513502" Pressure="128" />
		<Point X="48" Y="127" T="1302126513502" Pressure="128" />
		<Point X="51" Y="127" T="1302126513518" Pressure="128" />
		<Point X="55" Y="127" T="1302126513518" Pressure="128" />
		<Point X="60" Y="126" T="1302126513533" Pressure="128" />
		<Point X="65" Y="126" T="1302126513533" Pressure="128" />
		<Point X="71" Y="126" T="1302126513549" Pressure="128" />
		<Point X="77" Y="126" T="1302126513549" Pressure="128" />
		<Point X="83" Y="126" T="1302126513565" Pressure="128" />
		<Point X="89" Y="125" T="1302126513580" Pressure="128" />
		<Point X="96" Y="125" T="1302126513580" Pressure="128" />
		<Point X="102" Y="125" T="1302126513580" Pressure="128" />
		<Point X="109" Y="125" T="1302126513596" Pressure="128" />
		<Point X="116" Y="125" T="1302126513596" Pressure="128" />
		<Point X="122" Y="125" T="1302126513611" Pressure="128" />
		<Point X="128" Y="124" T="1302126513627" Pressure="128" />
		<Point X="134" Y="124" T="1302126513627" Pressure="128" />
		<Point X="140" Y="124" T="1302126513627" Pressure="128" />
		<Point X="145" Y="123" T="1302126513643" Pressure="128" />
		<Point X="150" Y="123" T="1302126513643" Pressure="128" />
		<Point X="154" Y="122" T="1302126513658" Pressure="128" />
		<Point X="158" Y="122" T="1302126513658" Pressure="128" />
		<Point X="161" Y="121" T="1302126513674" Pressure="128" />
		<Point X="164" Y="120" T="1302126513674" Pressure="128" />
		<Point X="166" Y="119" T="1302126513689" Pressure="128" />
		<Point X="168" Y="118" T="1302126513689" Pressure="128" />
		<Point X="169" Y="117" T="1302126513689" Pressure="128" />
		<Point X="169" Y="115" T="1302126513705" Pressure="128" />
		<Point X="169" Y="113" T="1302126513705" Pressure="128" />
		<Point X="169" Y="111" T="1302126513721" Pressure="128" />
		<Point X="168" Y="108" T="1302126513736" Pressure="128" />
		<Point X="167" Y="106" T="1302126513736" Pressure="128" />
		<Point X="165" Y="103" T="1302126513736" Pressure="128" />
		<Point X="164" Y="99" T="1302126513752" Pressure="128" />
		<Point X="162" Y="96" T="1302126513752" Pressure="128" />
		<Point X="159" Y="92" T="1302126513767" Pressure="128" />
		<Point X="157" Y="88" T="1302126513783" Pressure="128" />
		<Point X="155" Y="84" T="1302126513783" Pressure="128" />
		<Point X="152" Y="80" T="1302126513783" Pressure="128" />
		<Point X="150" Y="76" T="1302126513799" Pressure="128" />
		<Point X="147" Y="72" T="1302126513799" Pressure="128" />
		<Point X="145" Y="68" T="1302126513814" Pressure="128" />
		<Point X="143" Y="64" T="1302126513814" Pressure="128" />
		<Point X="140" Y="61" T="1302126513830" Pressure="128" />
		<Point X="138" Y="57" T="1302126513830" Pressure="128" />
		<Point X="136" Y="53" T="1302126513845" Pressure="128" />
		<Point X="134" Y="50" T="1302126513861" Pressure="128" />
		<Point X="132" Y="47" T="1302126513861" Pressure="128" />
		<Point X="130" Y="44" T="1302126513861" Pressure="128" />
		<Point X="129" Y="42" T="1302126513877" Pressure="128" />
		<Point X="127" Y="39" T="1302126513877" Pressure="128" />
		<Point X="125" Y="37" T="1302126513892" Pressure="128" />
		<Point X="124" Y="35" T="1302126513892" Pressure="128" />
		<Point X="123" Y="33" T="1302126513908" Pressure="128" />
		<Point X="121" Y="32" T="1302126513908" Pressure="128" />
		<Point X="121" Y="30" T="1302126513923" Pressure="128" />
		<Point X="120" Y="29" T="1302126513923" Pressure="128" />
		<Point X="120" Y="28" T="1302126513923" Pressure="128" />
		<Point X="119" Y="27" T="1302126513939" Pressure="128" />
		<Point X="119" Y="26" T="1302126513955" Pressure="128" />
		<Point X="119" Y="26" T="1302126513970" Pressure="128" />
	</Stroke>
	<Stroke index="2">
		<Point X="74" Y="39" T="1302126524532" Pressure="128" />
		<Point X="73" Y="35" T="1302126524532" Pressure="128" />
		<Point X="86" Y="65" T="1302126524532" Pressure="128" />
		<Point X="89" Y="73" T="1302126524532" Pressure="128" />
		<Point X="90" Y="77" T="1302126524547" Pressure="128" />
		<Point X="92" Y="81" T="1302126524547" Pressure="128" />
		<Point X="94" Y="86" T="1302126524563" Pressure="128" />
		<Point X="95" Y="90" T="1302126524578" Pressure="128" />
		<Point X="97" Y="95" T="1302126524578" Pressure="128" />
		<Point X="99" Y="100" T="1302126524594" Pressure="128" />
		<Point X="101" Y="104" T="1302126524594" Pressure="128" />
		<Point X="102" Y="109" T="1302126524610" Pressure="128" />
		<Point X="104" Y="113" T="1302126524610" Pressure="128" />
		<Point X="106" Y="117" T="1302126524610" Pressure="128" />
		<Point X="107" Y="121" T="1302126524625" Pressure="128" />
		<Point X="109" Y="126" T="1302126524625" Pressure="128" />
		<Point X="110" Y="130" T="1302126524641" Pressure="128" />
		<Point X="111" Y="133" T="1302126524656" Pressure="128" />
		<Point X="113" Y="137" T="1302126524656" Pressure="128" />
		<Point X="114" Y="140" T="1302126524656" Pressure="128" />
		<Point X="115" Y="143" T="1302126524672" Pressure="128" />
		<Point X="115" Y="146" T="1302126524672" Pressure="128" />
		<Point X="116" Y="149" T="1302126524688" Pressure="128" />
		<Point X="117" Y="152" T="1302126524703" Pressure="128" />
		<Point X="117" Y="154" T="1302126524703" Pressure="128" />
		<Point X="118" Y="156" T="1302126524703" Pressure="128" />
		<Point X="118" Y="158" T="1302126524719" Pressure="128" />
		<Point X="119" Y="160" T="1302126524719" Pressure="128" />
		<Point X="119" Y="162" T="1302126524734" Pressure="128" />
		<Point X="119" Y="163" T="1302126524734" Pressure="128" />
		<Point X="120" Y="164" T="1302126524734" Pressure="128" />
		<Point X="121" Y="165" T="1302126524750" Pressure="128" />
		<Point X="121" Y="166" T="1302126524766" Pressure="128" />
		<Point X="122" Y="166" T="1302126524766" Pressure="128" />
		<Point X="123" Y="166" T="1302126524766" Pressure="128" />
		<Point X="124" Y="165" T="1302126524781" Pressure="128" />
		<Point X="125" Y="164" T="1302126524797" Pressure="128" />
		<Point X="127" Y="162" T="1302126524797" Pressure="128" />
		<Point X="128" Y="160" T="1302126524812" Pressure="128" />
		<Point X="130" Y="157" T="1302126524812" Pressure="128" />
		<Point X="132" Y="154" T="1302126524812" Pressure="128" />
		<Point X="134" Y="150" T="1302126524828" Pressure="128" />
		<Point X="136" Y="146" T="1302126524828" Pressure="128" />
		<Point X="138" Y="141" T="1302126524844" Pressure="128" />
		<Point X="140" Y="136" T="1302126524844" Pressure="128" />
		<Point X="142" Y="131" T="1302126524859" Pressure="128" />
		<Point X="144" Y="126" T="1302126524859" Pressure="128" />
		<Point X="145" Y="121" T="1302126524875" Pressure="128" />
		<Point X="147" Y="115" T="1302126524890" Pressure="128" />
		<Point X="148" Y="109" T="1302126524890" Pressure="128" />
		<Point X="150" Y="104" T="1302126524890" Pressure="128" />
		<Point X="151" Y="98" T="1302126524906" Pressure="128" />
		<Point X="153" Y="93" T="1302126524906" Pressure="128" />
		<Point X="154" Y="87" T="1302126524922" Pressure="128" />
		<Point X="155" Y="82" T="1302126524921" Pressure="128" />
		<Point X="157" Y="77" T="1302126524937" Pressure="128" />
		<Point X="158" Y="73" T="1302126524937" Pressure="128" />
		<Point X="159" Y="68" T="1302126524953" Pressure="128" />
		<Point X="160" Y="64" T="1302126524953" Pressure="128" />
		<Point X="162" Y="60" T="1302126524968" Pressure="128" />
		<Point X="163" Y="57" T="1302126524968" Pressure="128" />
		<Point X="164" Y="53" T="1302126524968" Pressure="128" />
		<Point X="165" Y="50" T="1302126524984" Pressure="128" />
		<Point X="166" Y="47" T="1302126525000" Pressure="128" />
		<Point X="167" Y="45" T="1302126525000" Pressure="128" />
		<Point X="168" Y="42" T="1302126525000" Pressure="128" />
		<Point X="169" Y="41" T="1302126525015" Pressure="128" />
		<Point X="170" Y="39" T="1302126525015" Pressure="128" />
		<Point X="170" Y="37" T="1302126525031" Pressure="128" />
		<Point X="171" Y="36" T="1302126525046" Pressure="128" />
		<Point X="170" Y="35" T="1302126525046" Pressure="128" />
		<Point X="170" Y="34" T="1302126525046" Pressure="128" />
		<Point X="169" Y="33" T="1302126525062" Pressure="128" />
		<Point X="168" Y="33" T="1302126525062" Pressure="128" />
		<Point X="166" Y="33" T="1302126525078" Pressure="128" />
		<Point X="164" Y="32" T="1302126525078" Pressure="128" />
		<Point X="161" Y="32" T="1302126525093" Pressure="128" />
		<Point X="158" Y="32" T="1302126525093" Pressure="128" />
		<Point X="155" Y="32" T="1302126525109" Pressure="128" />
		<Point X="151" Y="32" T="1302126525109" Pressure="128" />
		<Point X="147" Y="32" T="1302126525124" Pressure="128" />
		<Point X="143" Y="32" T="1302126525124" Pressure="128" />
		<Point X="138" Y="32" T="1302126525140" Pressure="128" />
		<Point X="133" Y="32" T="1302126525140" Pressure="128" />
		<Point X="128" Y="33" T="1302126525156" Pressure="128" />
		<Point X="123" Y="33" T="1302126525156" Pressure="128" />
		<Point X="118" Y="33" T="1302126525171" Pressure="128" />
		<Point X="113" Y="33" T="1302126525171" Pressure="128" />
		<Point X="107" Y="33" T="1302126525187" Pressure="128" />
		<Point X="102" Y="33" T="1302126525187" Pressure="128" />
		<Point X="97" Y="34" T="1302126525187" Pressure="128" />
		<Point X="92" Y="34" T="1302126525202" Pressure="128" />
		<Point X="88" Y="34" T="1302126525202" Pressure="128" />
		<Point X="83" Y="34" T="1302126525218" Pressure="128" />
		<Point X="79" Y="34" T="1302126525234" Pressure="128" />
		<Point X="76" Y="34" T="1302126525234" Pressure="128" />
		<Point X="72" Y="34" T="1302126525234" Pressure="128" />
		<Point X="69" Y="35" T="1302126525249" Pressure="128" />
		<Point X="67" Y="35" T="1302126525249" Pressure="128" />
		<Point X="65" Y="36" T="1302126525265" Pressure="128" />
		<Point X="64" Y="36" T="1302126525280" Pressure="128" />
		<Point X="62" Y="37" T="1302126525280" Pressure="128" />
		<Point X="62" Y="37" T="1302126525296" Pressure="128" />
	</Stroke>
</Gesture>
